ID,TIME,NOMTIME,TIMEUNIT,AMT,LIDV,MDV,CMT,NAME,EVENTU,CENS,EVID,WEIGHTB,SEX,TRTACT,DOSE
1,-0.089,-0.1,Hours,0,NA,1,2,PK Concentration,ng/mL,0,0,77.9,Male,100 mg,100
1,0,0,Hours,100,NA,1,1,Dosing,mg,0,1,77.9,Male,100 mg,100
1,0.17,0.1,Hours,0,0.533,0,2,PK Concentration,ng/mL,0,0,77.9,Male,100 mg,100
1,0.565,0.5,Hours,0,2.19,0,2,PK Concentration,ng/mL,0,0,77.9,Male,100 mg,100
1,1.145,1,Hours,0,2.97,0,2,PK Concentration,ng/mL,0,0,77.9,Male,100 mg,100
1,2.126,2,Hours,0,1.99,0,2,PK Concentration,ng/mL,0,0,77.9,Male,100 mg,100
1,4.073,4,Hours,0,0.889,0,2,PK Concentration,ng/mL,0,0,77.9,Male,100 mg,100
1,8.214,8,Hours,0,0.0761,0,2,PK Concentration,ng/mL,0,0,77.9,Male,100 mg,100
1,12.355,12,Hours,0,0.0697,0,2,PK Concentration,ng/mL,0,0,77.9,Male,100 mg,100
1,18.416,18,Hours,0,0.186,0,2,PK Concentration,ng/mL,0,0,77.9,Male,100 mg,100
1,24.291,23.9,Hours,0,0.0514,0,2,PK Concentration,ng/mL,0,0,77.9,Male,100 mg,100
1,36.526,36,Hours,0,0.0622,0,2,PK Concentration,ng/mL,0,0,77.9,Male,100 mg,100
1,48.229,47.9,Hours,0,0.05,0,2,PK Concentration,ng/mL,1,0,77.9,Male,100 mg,100
1,72.079,71.9,Hours,0,0.05,0,2,PK Concentration,ng/mL,1,0,77.9,Male,100 mg,100
2,-0.058,-0.1,Hours,0,NA,1,2,PK Concentration,ng/mL,0,0,74.7,Male,100 mg,100
2,0,0,Hours,100,NA,1,1,Dosing,mg,0,1,74.7,Male,100 mg,100
2,0.082,0.1,Hours,0,0.113,0,2,PK Concentration,ng/mL,0,0,74.7,Male,100 mg,100
2,0.452,0.5,Hours,0,0.202,0,2,PK Concentration,ng/mL,0,0,74.7,Male,100 mg,100
2,0.8,1,Hours,0,0.497,0,2,PK Concentration,ng/mL,0,0,74.7,Male,100 mg,100
2,1.865,2,Hours,0,1.37,0,2,PK Concentration,ng/mL,0,0,74.7,Male,100 mg,100
2,3.923,4,Hours,0,0.631,0,2,PK Concentration,ng/mL,0,0,74.7,Male,100 mg,100
2,7.864,8,Hours,0,0.216,0,2,PK Concentration,ng/mL,0,0,74.7,Male,100 mg,100
2,11.896,12,Hours,0,0.213,0,2,PK Concentration,ng/mL,0,0,74.7,Male,100 mg,100
2,18.015,18,Hours,0,0.127,0,2,PK Concentration,ng/mL,0,0,74.7,Male,100 mg,100
2,23.801,23.9,Hours,0,0.0833,0,2,PK Concentration,ng/mL,0,0,74.7,Male,100 mg,100
2,35.892,36,Hours,0,0.0635,0,2,PK Concentration,ng/mL,0,0,74.7,Male,100 mg,100
2,47.756,47.9,Hours,0,0.0794,0,2,PK Concentration,ng/mL,0,0,74.7,Male,100 mg,100
2,71.915,71.9,Hours,0,0.05,0,2,PK Concentration,ng/mL,1,0,74.7,Male,100 mg,100
3,-0.265,-0.1,Hours,0,NA,1,2,PK Concentration,ng/mL,0,0,99.5,Male,100 mg,100
3,0,0,Hours,100,NA,1,1,Dosing,mg,0,1,99.5,Male,100 mg,100
3,0.11,0.1,Hours,0,0.313,0,2,PK Concentration,ng/mL,0,0,99.5,Male,100 mg,100
3,0.445,0.5,Hours,0,0.449,0,2,PK Concentration,ng/mL,0,0,99.5,Male,100 mg,100
3,0.928,1,Hours,0,1.53,0,2,PK Concentration,ng/mL,0,0,99.5,Male,100 mg,100
3,1.981,2,Hours,0,0.67,0,2,PK Concentration,ng/mL,0,0,99.5,Male,100 mg,100
3,4.151,4,Hours,0,0.305,0,2,PK Concentration,ng/mL,0,0,99.5,Male,100 mg,100
3,7.999,8,Hours,0,0.149,0,2,PK Concentration,ng/mL,0,0,99.5,Male,100 mg,100
3,11.927,12,Hours,0,0.0928,0,2,PK Concentration,ng/mL,0,0,99.5,Male,100 mg,100
3,18.031,18,Hours,0,0.145,0,2,PK Concentration,ng/mL,0,0,99.5,Male,100 mg,100
3,23.776,23.9,Hours,0,0.05,0,2,PK Concentration,ng/mL,1,0,99.5,Male,100 mg,100
3,35.683,36,Hours,0,0.05,0,2,PK Concentration,ng/mL,1,0,99.5,Male,100 mg,100
3,47.536,47.9,Hours,0,0.05,0,2,PK Concentration,ng/mL,1,0,99.5,Male,100 mg,100
3,71.67,71.9,Hours,0,0.05,0,2,PK Concentration,ng/mL,1,0,99.5,Male,100 mg,100
4,-0.103,-0.1,Hours,0,NA,1,2,PK Concentration,ng/mL,0,0,106,Male,100 mg,100
4,0,0,Hours,100,NA,1,1,Dosing,mg,0,1,106,Male,100 mg,100
4,0.106,0.1,Hours,0,0.175,0,2,PK Concentration,ng/mL,0,0,106,Male,100 mg,100
4,0.654,0.5,Hours,0,0.409,0,2,PK Concentration,ng/mL,0,0,106,Male,100 mg,100
4,1.054,1,Hours,0,0.956,0,2,PK Concentration,ng/mL,0,0,106,Male,100 mg,100
4,2.121,2,Hours,0,0.277,0,2,PK Concentration,ng/mL,0,0,106,Male,100 mg,100
4,4.256,4,Hours,0,0.415,0,2,PK Concentration,ng/mL,0,0,106,Male,100 mg,100
4,8.318,8,Hours,0,0.214,0,2,PK Concentration,ng/mL,0,0,106,Male,100 mg,100
4,12.256,12,Hours,0,0.103,0,2,PK Concentration,ng/mL,0,0,106,Male,100 mg,100
4,18.31,18,Hours,0,0.0854,0,2,PK Concentration,ng/mL,0,0,106,Male,100 mg,100
4,24.248,23.9,Hours,0,0.12,0,2,PK Concentration,ng/mL,0,0,106,Male,100 mg,100
4,36.478,36,Hours,0,0.05,0,2,PK Concentration,ng/mL,1,0,106,Male,100 mg,100
4,48.533,47.9,Hours,0,0.05,0,2,PK Concentration,ng/mL,1,0,106,Male,100 mg,100
4,72.666,71.9,Hours,0,0.05,0,2,PK Concentration,ng/mL,1,0,106,Male,100 mg,100
5,-0.128,-0.1,Hours,0,NA,1,2,PK Concentration,ng/mL,0,0,106,Male,100 mg,100
5,0,0,Hours,100,NA,1,1,Dosing,mg,0,1,106,Male,100 mg,100
5,0.146,0.1,Hours,0,0.09,0,2,PK Concentration,ng/mL,0,0,106,Male,100 mg,100
5,0.564,0.5,Hours,0,0.534,0,2,PK Concentration,ng/mL,0,0,106,Male,100 mg,100
5,0.891,1,Hours,0,0.674,0,2,PK Concentration,ng/mL,0,0,106,Male,100 mg,100
5,1.956,2,Hours,0,0.572,0,2,PK Concentration,ng/mL,0,0,106,Male,100 mg,100
5,3.989,4,Hours,0,0.488,0,2,PK Concentration,ng/mL,0,0,106,Male,100 mg,100
5,7.971,8,Hours,0,0.107,0,2,PK Concentration,ng/mL,0,0,106,Male,100 mg,100
5,12.149,12,Hours,0,0.0757,0,2,PK Concentration,ng/mL,0,0,106,Male,100 mg,100
5,18.281,18,Hours,0,0.0729,0,2,PK Concentration,ng/mL,0,0,106,Male,100 mg,100
5,24.082,23.9,Hours,0,0.135,0,2,PK Concentration,ng/mL,0,0,106,Male,100 mg,100
5,36.085,36,Hours,0,0.0949,0,2,PK Concentration,ng/mL,0,0,106,Male,100 mg,100
5,48.042,47.9,Hours,0,0.05,0,2,PK Concentration,ng/mL,1,0,106,Male,100 mg,100
5,71.906,71.9,Hours,0,0.05,0,2,PK Concentration,ng/mL,1,0,106,Male,100 mg,100
6,-0.259,-0.1,Hours,0,NA,1,2,PK Concentration,ng/mL,0,0,67.4,Female,100 mg,100
6,0,0,Hours,100,NA,1,1,Dosing,mg,0,1,67.4,Female,100 mg,100
6,0.243,0.1,Hours,0,0.83,0,2,PK Concentration,ng/mL,0,0,67.4,Female,100 mg,100
6,0.578,0.5,Hours,0,2.24,0,2,PK Concentration,ng/mL,0,0,67.4,Female,100 mg,100
6,1.004,1,Hours,0,2.23,0,2,PK Concentration,ng/mL,0,0,67.4,Female,100 mg,100
6,2.097,2,Hours,0,4.3,0,2,PK Concentration,ng/mL,0,0,67.4,Female,100 mg,100
6,4.004,4,Hours,0,1.42,0,2,PK Concentration,ng/mL,0,0,67.4,Female,100 mg,100
6,7.987,8,Hours,0,0.592,0,2,PK Concentration,ng/mL,0,0,67.4,Female,100 mg,100
6,12.01,12,Hours,0,0.424,0,2,PK Concentration,ng/mL,0,0,67.4,Female,100 mg,100
6,18.112,18,Hours,0,0.209,0,2,PK Concentration,ng/mL,0,0,67.4,Female,100 mg,100
6,24.04,23.9,Hours,0,0.477,0,2,PK Concentration,ng/mL,0,0,67.4,Female,100 mg,100
6,36.124,36,Hours,0,0.12,0,2,PK Concentration,ng/mL,0,0,67.4,Female,100 mg,100
6,48.269,47.9,Hours,0,0.0761,0,2,PK Concentration,ng/mL,0,0,67.4,Female,100 mg,100
6,72.298,71.9,Hours,0,0.05,0,2,PK Concentration,ng/mL,1,0,67.4,Female,100 mg,100
7,-0.111,-0.1,Hours,0,NA,1,2,PK Concentration,ng/mL,0,0,53.7,Female,100 mg,100
7,0,0,Hours,100,NA,1,1,Dosing,mg,0,1,53.7,Female,100 mg,100
7,0.28,0.1,Hours,0,0.394,0,2,PK Concentration,ng/mL,0,0,53.7,Female,100 mg,100
7,0.662,0.5,Hours,0,1.81,0,2,PK Concentration,ng/mL,0,0,53.7,Female,100 mg,100
7,1.229,1,Hours,0,2.79,0,2,PK Concentration,ng/mL,0,0,53.7,Female,100 mg,100
7,2.172,2,Hours,0,2.7,0,2,PK Concentration,ng/mL,0,0,53.7,Female,100 mg,100
7,4.122,4,Hours,0,1.19,0,2,PK Concentration,ng/mL,0,0,53.7,Female,100 mg,100
7,8.04,8,Hours,0,0.714,0,2,PK Concentration,ng/mL,0,0,53.7,Female,100 mg,100
7,12.009,12,Hours,0,0.827,0,2,PK Concentration,ng/mL,0,0,53.7,Female,100 mg,100
7,17.999,18,Hours,0,0.717,0,2,PK Concentration,ng/mL,0,0,53.7,Female,100 mg,100
7,23.965,23.9,Hours,0,0.345,0,2,PK Concentration,ng/mL,0,0,53.7,Female,100 mg,100
7,36.047,36,Hours,0,0.334,0,2,PK Concentration,ng/mL,0,0,53.7,Female,100 mg,100
7,48.176,47.9,Hours,0,0.087,0,2,PK Concentration,ng/mL,0,0,53.7,Female,100 mg,100
7,72.149,71.9,Hours,0,0.05,0,2,PK Concentration,ng/mL,1,0,53.7,Female,100 mg,100
8,-0.061,-0.1,Hours,0,NA,1,2,PK Concentration,ng/mL,0,0,52.5,Female,100 mg,100
8,0,0,Hours,100,NA,1,1,Dosing,mg,0,1,52.5,Female,100 mg,100
8,0.091,0.1,Hours,0,0.256,0,2,PK Concentration,ng/mL,0,0,52.5,Female,100 mg,100
8,0.542,0.5,Hours,0,3.06,0,2,PK Concentration,ng/mL,0,0,52.5,Female,100 mg,100
8,0.947,1,Hours,0,2.23,0,2,PK Concentration,ng/mL,0,0,52.5,Female,100 mg,100
8,2.073,2,Hours,0,3.35,0,2,PK Concentration,ng/mL,0,0,52.5,Female,100 mg,100
8,4.093,4,Hours,0,1.44,0,2,PK Concentration,ng/mL,0,0,52.5,Female,100 mg,100
8,8.183,8,Hours,0,0.527,0,2,PK Concentration,ng/mL,0,0,52.5,Female,100 mg,100
8,12.2,12,Hours,0,0.306,0,2,PK Concentration,ng/mL,0,0,52.5,Female,100 mg,100
8,18.32,18,Hours,0,0.222,0,2,PK Concentration,ng/mL,0,0,52.5,Female,100 mg,100
8,24.329,23.9,Hours,0,0.555,0,2,PK Concentration,ng/mL,0,0,52.5,Female,100 mg,100
8,36.4,36,Hours,0,0.155,0,2,PK Concentration,ng/mL,0,0,52.5,Female,100 mg,100
8,48.218,47.9,Hours,0,0.169,0,2,PK Concentration,ng/mL,0,0,52.5,Female,100 mg,100
8,72.275,71.9,Hours,0,0.0766,0,2,PK Concentration,ng/mL,0,0,52.5,Female,100 mg,100
9,-0.098,-0.1,Hours,0,NA,1,2,PK Concentration,ng/mL,0,0,97.1,Female,100 mg,100
9,0,0,Hours,100,NA,1,1,Dosing,mg,0,1,97.1,Female,100 mg,100
9,0.034,0.1,Hours,0,0.13,0,2,PK Concentration,ng/mL,0,0,97.1,Female,100 mg,100
9,0.328,0.5,Hours,0,1.31,0,2,PK Concentration,ng/mL,0,0,97.1,Female,100 mg,100
9,0.792,1,Hours,0,1.35,0,2,PK Concentration,ng/mL,0,0,97.1,Female,100 mg,100
9,1.885,2,Hours,0,3.45,0,2,PK Concentration,ng/mL,0,0,97.1,Female,100 mg,100
9,3.752,4,Hours,0,0.791,0,2,PK Concentration,ng/mL,0,0,97.1,Female,100 mg,100
9,7.794,8,Hours,0,0.334,0,2,PK Concentration,ng/mL,0,0,97.1,Female,100 mg,100
9,11.858,12,Hours,0,0.178,0,2,PK Concentration,ng/mL,0,0,97.1,Female,100 mg,100
9,17.753,18,Hours,0,0.152,0,2,PK Concentration,ng/mL,0,0,97.1,Female,100 mg,100
9,23.629,23.9,Hours,0,0.188,0,2,PK Concentration,ng/mL,0,0,97.1,Female,100 mg,100
9,35.673,36,Hours,0,0.0623,0,2,PK Concentration,ng/mL,0,0,97.1,Female,100 mg,100
9,47.704,47.9,Hours,0,0.05,0,2,PK Concentration,ng/mL,1,0,97.1,Female,100 mg,100
9,71.695,71.9,Hours,0,0.05,0,2,PK Concentration,ng/mL,1,0,97.1,Female,100 mg,100
10,-0.158,-0.1,Hours,0,NA,1,2,PK Concentration,ng/mL,0,0,91.6,Female,100 mg,100
10,0,0,Hours,100,NA,1,1,Dosing,mg,0,1,91.6,Female,100 mg,100
10,0.11,0.1,Hours,0,0.343,0,2,PK Concentration,ng/mL,0,0,91.6,Female,100 mg,100
10,0.518,0.5,Hours,0,2.44,0,2,PK Concentration,ng/mL,0,0,91.6,Female,100 mg,100
10,1.003,1,Hours,0,1.58,0,2,PK Concentration,ng/mL,0,0,91.6,Female,100 mg,100
10,2.126,2,Hours,0,1.21,0,2,PK Concentration,ng/mL,0,0,91.6,Female,100 mg,100
10,4.016,4,Hours,0,1.6,0,2,PK Concentration,ng/mL,0,0,91.6,Female,100 mg,100
10,8.052,8,Hours,0,0.45,0,2,PK Concentration,ng/mL,0,0,91.6,Female,100 mg,100
10,12.098,12,Hours,0,0.218,0,2,PK Concentration,ng/mL,0,0,91.6,Female,100 mg,100
10,17.935,18,Hours,0,0.175,0,2,PK Concentration,ng/mL,0,0,91.6,Female,100 mg,100
10,23.854,23.9,Hours,0,0.158,0,2,PK Concentration,ng/mL,0,0,91.6,Female,100 mg,100
10,35.853,36,Hours,0,0.0686,0,2,PK Concentration,ng/mL,0,0,91.6,Female,100 mg,100
10,47.823,47.9,Hours,0,0.119,0,2,PK Concentration,ng/mL,0,0,91.6,Female,100 mg,100
10,71.755,71.9,Hours,0,0.05,0,2,PK Concentration,ng/mL,1,0,91.6,Female,100 mg,100
11,-0.114,-0.1,Hours,0,NA,1,2,PK Concentration,ng/mL,0,0,90,Male,200 mg,200
11,0,0,Hours,200,NA,1,1,Dosing,mg,0,1,90,Male,200 mg,200
11,0.005,0.1,Hours,0,0.05,0,2,PK Concentration,ng/mL,1,0,90,Male,200 mg,200
11,0.369,0.5,Hours,0,0.543,0,2,PK Concentration,ng/mL,0,0,90,Male,200 mg,200
11,0.942,1,Hours,0,1.05,0,2,PK Concentration,ng/mL,0,0,90,Male,200 mg,200
11,1.715,2,Hours,0,0.956,0,2,PK Concentration,ng/mL,0,0,90,Male,200 mg,200
11,3.85,4,Hours,0,1.6,0,2,PK Concentration,ng/mL,0,0,90,Male,200 mg,200
11,7.932,8,Hours,0,0.531,0,2,PK Concentration,ng/mL,0,0,90,Male,200 mg,200
11,11.828,12,Hours,0,0.363,0,2,PK Concentration,ng/mL,0,0,90,Male,200 mg,200
11,17.725,18,Hours,0,0.227,0,2,PK Concentration,ng/mL,0,0,90,Male,200 mg,200
11,23.565,23.9,Hours,0,0.195,0,2,PK Concentration,ng/mL,0,0,90,Male,200 mg,200
11,35.338,36,Hours,0,0.064,0,2,PK Concentration,ng/mL,0,0,90,Male,200 mg,200
11,47.247,47.9,Hours,0,0.0735,0,2,PK Concentration,ng/mL,0,0,90,Male,200 mg,200
11,71.244,71.9,Hours,0,0.05,0,2,PK Concentration,ng/mL,1,0,90,Male,200 mg,200
12,-0.161,-0.1,Hours,0,NA,1,2,PK Concentration,ng/mL,0,0,69.9,Male,200 mg,200
12,0,0,Hours,200,NA,1,1,Dosing,mg,0,1,69.9,Male,200 mg,200
12,0.026,0.1,Hours,0,0.112,0,2,PK Concentration,ng/mL,0,0,69.9,Male,200 mg,200
12,0.458,0.5,Hours,0,1.04,0,2,PK Concentration,ng/mL,0,0,69.9,Male,200 mg,200
12,0.796,1,Hours,0,2.1,0,2,PK Concentration,ng/mL,0,0,69.9,Male,200 mg,200
12,1.647,2,Hours,0,0.972,0,2,PK Concentration,ng/mL,0,0,69.9,Male,200 mg,200
12,3.543,4,Hours,0,1.85,0,2,PK Concentration,ng/mL,0,0,69.9,Male,200 mg,200
12,7.536,8,Hours,0,1.14,0,2,PK Concentration,ng/mL,0,0,69.9,Male,200 mg,200
12,11.759,12,Hours,0,0.388,0,2,PK Concentration,ng/mL,0,0,69.9,Male,200 mg,200
12,17.824,18,Hours,0,0.32,0,2,PK Concentration,ng/mL,0,0,69.9,Male,200 mg,200
12,23.719,23.9,Hours,0,0.327,0,2,PK Concentration,ng/mL,0,0,69.9,Male,200 mg,200
12,35.95,36,Hours,0,0.249,0,2,PK Concentration,ng/mL,0,0,69.9,Male,200 mg,200
12,47.876,47.9,Hours,0,0.168,0,2,PK Concentration,ng/mL,0,0,69.9,Male,200 mg,200
12,71.93,71.9,Hours,0,0.05,0,2,PK Concentration,ng/mL,1,0,69.9,Male,200 mg,200
13,-0.172,-0.1,Hours,0,NA,1,2,PK Concentration,ng/mL,0,0,75.9,Male,200 mg,200
13,0,0,Hours,200,NA,1,1,Dosing,mg,0,1,75.9,Male,200 mg,200
13,0.265,0.1,Hours,0,0.691,0,2,PK Concentration,ng/mL,0,0,75.9,Male,200 mg,200
13,0.635,0.5,Hours,0,0.981,0,2,PK Concentration,ng/mL,0,0,75.9,Male,200 mg,200
13,1.03,1,Hours,0,2.96,0,2,PK Concentration,ng/mL,0,0,75.9,Male,200 mg,200
13,2.071,2,Hours,0,2.76,0,2,PK Concentration,ng/mL,0,0,75.9,Male,200 mg,200
13,3.879,4,Hours,0,2.29,0,2,PK Concentration,ng/mL,0,0,75.9,Male,200 mg,200
13,8.048,8,Hours,0,0.399,0,2,PK Concentration,ng/mL,0,0,75.9,Male,200 mg,200
13,12.125,12,Hours,0,0.31,0,2,PK Concentration,ng/mL,0,0,75.9,Male,200 mg,200
13,18.03,18,Hours,0,0.23,0,2,PK Concentration,ng/mL,0,0,75.9,Male,200 mg,200
13,23.994,23.9,Hours,0,0.215,0,2,PK Concentration,ng/mL,0,0,75.9,Male,200 mg,200
13,36.032,36,Hours,0,0.0628,0,2,PK Concentration,ng/mL,0,0,75.9,Male,200 mg,200
13,47.8,47.9,Hours,0,0.132,0,2,PK Concentration,ng/mL,0,0,75.9,Male,200 mg,200
13,71.853,71.9,Hours,0,0.05,0,2,PK Concentration,ng/mL,1,0,75.9,Male,200 mg,200
14,-0.125,-0.1,Hours,0,NA,1,2,PK Concentration,ng/mL,0,0,85.5,Male,200 mg,200
14,0,0,Hours,200,NA,1,1,Dosing,mg,0,1,85.5,Male,200 mg,200
14,0.199,0.1,Hours,0,0.318,0,2,PK Concentration,ng/mL,0,0,85.5,Male,200 mg,200
14,0.617,0.5,Hours,0,0.72,0,2,PK Concentration,ng/mL,0,0,85.5,Male,200 mg,200
14,1.384,1,Hours,0,1.67,0,2,PK Concentration,ng/mL,0,0,85.5,Male,200 mg,200
14,2.435,2,Hours,0,1.84,0,2,PK Concentration,ng/mL,0,0,85.5,Male,200 mg,200
14,4.479,4,Hours,0,1.03,0,2,PK Concentration,ng/mL,0,0,85.5,Male,200 mg,200
14,8.492,8,Hours,0,0.529,0,2,PK Concentration,ng/mL,0,0,85.5,Male,200 mg,200
14,12.533,12,Hours,0,0.196,0,2,PK Concentration,ng/mL,0,0,85.5,Male,200 mg,200
14,18.416,18,Hours,0,0.331,0,2,PK Concentration,ng/mL,0,0,85.5,Male,200 mg,200
14,24.307,23.9,Hours,0,0.143,0,2,PK Concentration,ng/mL,0,0,85.5,Male,200 mg,200
14,36.519,36,Hours,0,0.106,0,2,PK Concentration,ng/mL,0,0,85.5,Male,200 mg,200
14,48.581,47.9,Hours,0,0.0563,0,2,PK Concentration,ng/mL,0,0,85.5,Male,200 mg,200
14,72.52,71.9,Hours,0,0.0627,0,2,PK Concentration,ng/mL,0,0,85.5,Male,200 mg,200
15,-0.101,-0.1,Hours,0,NA,1,2,PK Concentration,ng/mL,0,0,65.9,Male,200 mg,200
15,0,0,Hours,200,NA,1,1,Dosing,mg,0,1,65.9,Male,200 mg,200
15,0.122,0.1,Hours,0,0.202,0,2,PK Concentration,ng/mL,0,0,65.9,Male,200 mg,200
15,0.573,0.5,Hours,0,1.18,0,2,PK Concentration,ng/mL,0,0,65.9,Male,200 mg,200
15,1.017,1,Hours,0,1.25,0,2,PK Concentration,ng/mL,0,0,65.9,Male,200 mg,200
15,2.196,2,Hours,0,1.24,0,2,PK Concentration,ng/mL,0,0,65.9,Male,200 mg,200
15,4.217,4,Hours,0,1.3,0,2,PK Concentration,ng/mL,0,0,65.9,Male,200 mg,200
15,8.171,8,Hours,0,0.69,0,2,PK Concentration,ng/mL,0,0,65.9,Male,200 mg,200
15,12.148,12,Hours,0,0.341,0,2,PK Concentration,ng/mL,0,0,65.9,Male,200 mg,200
15,18.237,18,Hours,0,0.206,0,2,PK Concentration,ng/mL,0,0,65.9,Male,200 mg,200
15,24.272,23.9,Hours,0,0.113,0,2,PK Concentration,ng/mL,0,0,65.9,Male,200 mg,200
15,36.377,36,Hours,0,0.2,0,2,PK Concentration,ng/mL,0,0,65.9,Male,200 mg,200
15,48.33,47.9,Hours,0,0.141,0,2,PK Concentration,ng/mL,0,0,65.9,Male,200 mg,200
15,72.56,71.9,Hours,0,0.0711,0,2,PK Concentration,ng/mL,0,0,65.9,Male,200 mg,200
16,-0.133,-0.1,Hours,0,NA,1,2,PK Concentration,ng/mL,0,0,93.3,Female,200 mg,200
16,0,0,Hours,200,NA,1,1,Dosing,mg,0,1,93.3,Female,200 mg,200
16,0.214,0.1,Hours,0,0.759,0,2,PK Concentration,ng/mL,0,0,93.3,Female,200 mg,200
16,0.734,0.5,Hours,0,1.94,0,2,PK Concentration,ng/mL,0,0,93.3,Female,200 mg,200
16,1.335,1,Hours,0,3.95,0,2,PK Concentration,ng/mL,0,0,93.3,Female,200 mg,200
16,2.378,2,Hours,0,2.28,0,2,PK Concentration,ng/mL,0,0,93.3,Female,200 mg,200
16,4.199,4,Hours,0,1.4,0,2,PK Concentration,ng/mL,0,0,93.3,Female,200 mg,200
16,8.243,8,Hours,0,1.36,0,2,PK Concentration,ng/mL,0,0,93.3,Female,200 mg,200
16,12.182,12,Hours,0,0.504,0,2,PK Concentration,ng/mL,0,0,93.3,Female,200 mg,200
16,18.139,18,Hours,0,0.801,0,2,PK Concentration,ng/mL,0,0,93.3,Female,200 mg,200
16,24.118,23.9,Hours,0,0.246,0,2,PK Concentration,ng/mL,0,0,93.3,Female,200 mg,200
16,36.219,36,Hours,0,0.225,0,2,PK Concentration,ng/mL,0,0,93.3,Female,200 mg,200
16,47.968,47.9,Hours,0,0.273,0,2,PK Concentration,ng/mL,0,0,93.3,Female,200 mg,200
16,71.857,71.9,Hours,0,0.111,0,2,PK Concentration,ng/mL,0,0,93.3,Female,200 mg,200
17,-0.18,-0.1,Hours,0,NA,1,2,PK Concentration,ng/mL,0,0,63.1,Female,200 mg,200
17,0,0,Hours,200,NA,1,1,Dosing,mg,0,1,63.1,Female,200 mg,200
17,0.019,0.1,Hours,0,0.186,0,2,PK Concentration,ng/mL,0,0,63.1,Female,200 mg,200
17,0.36,0.5,Hours,0,2.15,0,2,PK Concentration,ng/mL,0,0,63.1,Female,200 mg,200
17,0.893,1,Hours,0,2.12,0,2,PK Concentration,ng/mL,0,0,63.1,Female,200 mg,200
17,2.041,2,Hours,0,4.89,0,2,PK Concentration,ng/mL,0,0,63.1,Female,200 mg,200
17,4.136,4,Hours,0,2.3,0,2,PK Concentration,ng/mL,0,0,63.1,Female,200 mg,200
17,7.991,8,Hours,0,1.38,0,2,PK Concentration,ng/mL,0,0,63.1,Female,200 mg,200
17,12.114,12,Hours,0,1.13,0,2,PK Concentration,ng/mL,0,0,63.1,Female,200 mg,200
17,18.022,18,Hours,0,0.515,0,2,PK Concentration,ng/mL,0,0,63.1,Female,200 mg,200
17,23.89,23.9,Hours,0,0.624,0,2,PK Concentration,ng/mL,0,0,63.1,Female,200 mg,200
17,36.056,36,Hours,0,0.24,0,2,PK Concentration,ng/mL,0,0,63.1,Female,200 mg,200
17,47.726,47.9,Hours,0,0.0747,0,2,PK Concentration,ng/mL,0,0,63.1,Female,200 mg,200
17,72.057,71.9,Hours,0,0.114,0,2,PK Concentration,ng/mL,0,0,63.1,Female,200 mg,200
18,-0.116,-0.1,Hours,0,NA,1,2,PK Concentration,ng/mL,0,0,88.6,Female,200 mg,200
18,0,0,Hours,200,NA,1,1,Dosing,mg,0,1,88.6,Female,200 mg,200
18,0.023,0.1,Hours,0,0.0796,0,2,PK Concentration,ng/mL,0,0,88.6,Female,200 mg,200
18,0.369,0.5,Hours,0,1.65,0,2,PK Concentration,ng/mL,0,0,88.6,Female,200 mg,200
18,0.836,1,Hours,0,2.57,0,2,PK Concentration,ng/mL,0,0,88.6,Female,200 mg,200
18,1.869,2,Hours,0,3.91,0,2,PK Concentration,ng/mL,0,0,88.6,Female,200 mg,200
18,3.915,4,Hours,0,3.72,0,2,PK Concentration,ng/mL,0,0,88.6,Female,200 mg,200
18,8.104,8,Hours,0,1.74,0,2,PK Concentration,ng/mL,0,0,88.6,Female,200 mg,200
18,12.002,12,Hours,0,0.842,0,2,PK Concentration,ng/mL,0,0,88.6,Female,200 mg,200
18,18.041,18,Hours,0,0.409,0,2,PK Concentration,ng/mL,0,0,88.6,Female,200 mg,200
18,23.861,23.9,Hours,0,0.545,0,2,PK Concentration,ng/mL,0,0,88.6,Female,200 mg,200
18,35.933,36,Hours,0,0.289,0,2,PK Concentration,ng/mL,0,0,88.6,Female,200 mg,200
18,47.9,47.9,Hours,0,0.169,0,2,PK Concentration,ng/mL,0,0,88.6,Female,200 mg,200
18,71.838,71.9,Hours,0,0.05,0,2,PK Concentration,ng/mL,1,0,88.6,Female,200 mg,200
19,-0.128,-0.1,Hours,0,NA,1,2,PK Concentration,ng/mL,0,0,66.5,Female,200 mg,200
19,0,0,Hours,200,NA,1,1,Dosing,mg,0,1,66.5,Female,200 mg,200
19,0.311,0.1,Hours,0,0.975,0,2,PK Concentration,ng/mL,0,0,66.5,Female,200 mg,200
19,1.041,0.5,Hours,0,2.94,0,2,PK Concentration,ng/mL,0,0,66.5,Female,200 mg,200
19,1.549,1,Hours,0,4.09,0,2,PK Concentration,ng/mL,0,0,66.5,Female,200 mg,200
19,2.481,2,Hours,0,3.35,0,2,PK Concentration,ng/mL,0,0,66.5,Female,200 mg,200
19,4.651,4,Hours,0,2.64,0,2,PK Concentration,ng/mL,0,0,66.5,Female,200 mg,200
19,8.754,8,Hours,0,1.68,0,2,PK Concentration,ng/mL,0,0,66.5,Female,200 mg,200
19,12.623,12,Hours,0,1.32,0,2,PK Concentration,ng/mL,0,0,66.5,Female,200 mg,200
19,18.687,18,Hours,0,0.604,0,2,PK Concentration,ng/mL,0,0,66.5,Female,200 mg,200
19,24.64,23.9,Hours,0,0.221,0,2,PK Concentration,ng/mL,0,0,66.5,Female,200 mg,200
19,36.83,36,Hours,0,0.206,0,2,PK Concentration,ng/mL,0,0,66.5,Female,200 mg,200
19,48.834,47.9,Hours,0,0.172,0,2,PK Concentration,ng/mL,0,0,66.5,Female,200 mg,200
19,72.889,71.9,Hours,0,0.0884,0,2,PK Concentration,ng/mL,0,0,66.5,Female,200 mg,200
20,-0.021,-0.1,Hours,0,NA,1,2,PK Concentration,ng/mL,0,0,79.3,Female,200 mg,200
20,0,0,Hours,200,NA,1,1,Dosing,mg,0,1,79.3,Female,200 mg,200
20,0.003,0.1,Hours,0,0.05,0,2,PK Concentration,ng/mL,1,0,79.3,Female,200 mg,200
20,0.335,0.5,Hours,0,5,0,2,PK Concentration,ng/mL,0,0,79.3,Female,200 mg,200
20,0.693,1,Hours,0,2.56,0,2,PK Concentration,ng/mL,0,0,79.3,Female,200 mg,200
20,1.812,2,Hours,0,2.86,0,2,PK Concentration,ng/mL,0,0,79.3,Female,200 mg,200
20,3.891,4,Hours,0,2.95,0,2,PK Concentration,ng/mL,0,0,79.3,Female,200 mg,200
20,7.963,8,Hours,0,0.925,0,2,PK Concentration,ng/mL,0,0,79.3,Female,200 mg,200
20,11.931,12,Hours,0,0.452,0,2,PK Concentration,ng/mL,0,0,79.3,Female,200 mg,200
20,17.929,18,Hours,0,0.245,0,2,PK Concentration,ng/mL,0,0,79.3,Female,200 mg,200
20,23.867,23.9,Hours,0,0.273,0,2,PK Concentration,ng/mL,0,0,79.3,Female,200 mg,200
20,36.082,36,Hours,0,0.251,0,2,PK Concentration,ng/mL,0,0,79.3,Female,200 mg,200
20,47.965,47.9,Hours,0,0.085,0,2,PK Concentration,ng/mL,0,0,79.3,Female,200 mg,200
20,71.88,71.9,Hours,0,0.0547,0,2,PK Concentration,ng/mL,0,0,79.3,Female,200 mg,200
21,-0.186,-0.1,Hours,0,NA,1,2,PK Concentration,ng/mL,0,0,80.6,Male,400 mg,400
21,0,0,Hours,400,NA,1,1,Dosing,mg,0,1,80.6,Male,400 mg,400
21,0.311,0.1,Hours,0,1.5,0,2,PK Concentration,ng/mL,0,0,80.6,Male,400 mg,400
21,0.696,0.5,Hours,0,2.66,0,2,PK Concentration,ng/mL,0,0,80.6,Male,400 mg,400
21,1.025,1,Hours,0,2.61,0,2,PK Concentration,ng/mL,0,0,80.6,Male,400 mg,400
21,2.088,2,Hours,0,4.15,0,2,PK Concentration,ng/mL,0,0,80.6,Male,400 mg,400
21,4.139,4,Hours,0,2.56,0,2,PK Concentration,ng/mL,0,0,80.6,Male,400 mg,400
21,8.201,8,Hours,0,0.45,0,2,PK Concentration,ng/mL,0,0,80.6,Male,400 mg,400
21,12.084,12,Hours,0,0.422,0,2,PK Concentration,ng/mL,0,0,80.6,Male,400 mg,400
21,18.009,18,Hours,0,0.534,0,2,PK Concentration,ng/mL,0,0,80.6,Male,400 mg,400
21,23.865,23.9,Hours,0,0.448,0,2,PK Concentration,ng/mL,0,0,80.6,Male,400 mg,400
21,35.838,36,Hours,0,0.223,0,2,PK Concentration,ng/mL,0,0,80.6,Male,400 mg,400
21,47.747,47.9,Hours,0,0.104,0,2,PK Concentration,ng/mL,0,0,80.6,Male,400 mg,400
21,71.73,71.9,Hours,0,0.123,0,2,PK Concentration,ng/mL,0,0,80.6,Male,400 mg,400
22,-0.067,-0.1,Hours,0,NA,1,2,PK Concentration,ng/mL,0,0,109,Male,400 mg,400
22,0,0,Hours,400,NA,1,1,Dosing,mg,0,1,109,Male,400 mg,400
22,0.047,0.1,Hours,0,0.164,0,2,PK Concentration,ng/mL,0,0,109,Male,400 mg,400
22,0.348,0.5,Hours,0,1.69,0,2,PK Concentration,ng/mL,0,0,109,Male,400 mg,400
22,0.74,1,Hours,0,2.15,0,2,PK Concentration,ng/mL,0,0,109,Male,400 mg,400
22,1.662,2,Hours,0,3.59,0,2,PK Concentration,ng/mL,0,0,109,Male,400 mg,400
22,3.555,4,Hours,0,3.23,0,2,PK Concentration,ng/mL,0,0,109,Male,400 mg,400
22,7.696,8,Hours,0,0.836,0,2,PK Concentration,ng/mL,0,0,109,Male,400 mg,400
22,11.834,12,Hours,0,0.443,0,2,PK Concentration,ng/mL,0,0,109,Male,400 mg,400
22,17.948,18,Hours,0,0.279,0,2,PK Concentration,ng/mL,0,0,109,Male,400 mg,400
22,23.824,23.9,Hours,0,0.299,0,2,PK Concentration,ng/mL,0,0,109,Male,400 mg,400
22,36.101,36,Hours,0,0.168,0,2,PK Concentration,ng/mL,0,0,109,Male,400 mg,400
22,48.174,47.9,Hours,0,0.0939,0,2,PK Concentration,ng/mL,0,0,109,Male,400 mg,400
22,72.131,71.9,Hours,0,0.0771,0,2,PK Concentration,ng/mL,0,0,109,Male,400 mg,400
23,-0.015,-0.1,Hours,0,NA,1,2,PK Concentration,ng/mL,0,0,82.9,Male,400 mg,400
23,0,0,Hours,400,NA,1,1,Dosing,mg,0,1,82.9,Male,400 mg,400
23,0.027,0.1,Hours,0,0.0851,0,2,PK Concentration,ng/mL,0,0,82.9,Male,400 mg,400
23,0.505,0.5,Hours,0,1.65,0,2,PK Concentration,ng/mL,0,0,82.9,Male,400 mg,400
23,0.961,1,Hours,0,4.44,0,2,PK Concentration,ng/mL,0,0,82.9,Male,400 mg,400
23,1.832,2,Hours,0,5.01,0,2,PK Concentration,ng/mL,0,0,82.9,Male,400 mg,400
23,3.862,4,Hours,0,3.58,0,2,PK Concentration,ng/mL,0,0,82.9,Male,400 mg,400
23,7.892,8,Hours,0,0.935,0,2,PK Concentration,ng/mL,0,0,82.9,Male,400 mg,400
23,11.827,12,Hours,0,0.526,0,2,PK Concentration,ng/mL,0,0,82.9,Male,400 mg,400
23,17.885,18,Hours,0,0.207,0,2,PK Concentration,ng/mL,0,0,82.9,Male,400 mg,400
23,23.917,23.9,Hours,0,0.3,0,2,PK Concentration,ng/mL,0,0,82.9,Male,400 mg,400
23,36.021,36,Hours,0,0.291,0,2,PK Concentration,ng/mL,0,0,82.9,Male,400 mg,400
23,47.808,47.9,Hours,0,0.181,0,2,PK Concentration,ng/mL,0,0,82.9,Male,400 mg,400
23,71.912,71.9,Hours,0,0.0648,0,2,PK Concentration,ng/mL,0,0,82.9,Male,400 mg,400
24,-0.077,-0.1,Hours,0,NA,1,2,PK Concentration,ng/mL,0,0,61.8,Male,400 mg,400
24,0,0,Hours,400,NA,1,1,Dosing,mg,0,1,61.8,Male,400 mg,400
24,0.171,0.1,Hours,0,0.775,0,2,PK Concentration,ng/mL,0,0,61.8,Male,400 mg,400
24,0.698,0.5,Hours,0,3.58,0,2,PK Concentration,ng/mL,0,0,61.8,Male,400 mg,400
24,1.072,1,Hours,0,3.62,0,2,PK Concentration,ng/mL,0,0,61.8,Male,400 mg,400
24,1.937,2,Hours,0,4.61,0,2,PK Concentration,ng/mL,0,0,61.8,Male,400 mg,400
24,3.873,4,Hours,0,4.48,0,2,PK Concentration,ng/mL,0,0,61.8,Male,400 mg,400
24,7.891,8,Hours,0,1.3,0,2,PK Concentration,ng/mL,0,0,61.8,Male,400 mg,400
24,11.842,12,Hours,0,1.11,0,2,PK Concentration,ng/mL,0,0,61.8,Male,400 mg,400
24,17.891,18,Hours,0,0.614,0,2,PK Concentration,ng/mL,0,0,61.8,Male,400 mg,400
24,23.937,23.9,Hours,0,0.383,0,2,PK Concentration,ng/mL,0,0,61.8,Male,400 mg,400
24,35.993,36,Hours,0,0.336,0,2,PK Concentration,ng/mL,0,0,61.8,Male,400 mg,400
24,47.889,47.9,Hours,0,0.369,0,2,PK Concentration,ng/mL,0,0,61.8,Male,400 mg,400
24,71.836,71.9,Hours,0,0.209,0,2,PK Concentration,ng/mL,0,0,61.8,Male,400 mg,400
25,-0.196,-0.1,Hours,0,NA,1,2,PK Concentration,ng/mL,0,0,78.5,Male,400 mg,400
25,0,0,Hours,400,NA,1,1,Dosing,mg,0,1,78.5,Male,400 mg,400
25,0.184,0.1,Hours,0,0.941,0,2,PK Concentration,ng/mL,0,0,78.5,Male,400 mg,400
25,0.564,0.5,Hours,0,1.64,0,2,PK Concentration,ng/mL,0,0,78.5,Male,400 mg,400
25,0.948,1,Hours,0,1.98,0,2,PK Concentration,ng/mL,0,0,78.5,Male,400 mg,400
25,2.004,2,Hours,0,3.85,0,2,PK Concentration,ng/mL,0,0,78.5,Male,400 mg,400
25,4.262,4,Hours,0,1.78,0,2,PK Concentration,ng/mL,0,0,78.5,Male,400 mg,400
25,8.44,8,Hours,0,1.08,0,2,PK Concentration,ng/mL,0,0,78.5,Male,400 mg,400
25,12.211,12,Hours,0,0.677,0,2,PK Concentration,ng/mL,0,0,78.5,Male,400 mg,400
25,18.19,18,Hours,0,0.333,0,2,PK Concentration,ng/mL,0,0,78.5,Male,400 mg,400
25,23.975,23.9,Hours,0,0.3,0,2,PK Concentration,ng/mL,0,0,78.5,Male,400 mg,400
25,36.121,36,Hours,0,0.22,0,2,PK Concentration,ng/mL,0,0,78.5,Male,400 mg,400
25,47.992,47.9,Hours,0,0.174,0,2,PK Concentration,ng/mL,0,0,78.5,Male,400 mg,400
25,72.088,71.9,Hours,0,0.0532,0,2,PK Concentration,ng/mL,0,0,78.5,Male,400 mg,400
26,-0.264,-0.1,Hours,0,NA,1,2,PK Concentration,ng/mL,0,0,64.3,Female,400 mg,400
26,0,0,Hours,400,NA,1,1,Dosing,mg,0,1,64.3,Female,400 mg,400
26,0.093,0.1,Hours,0,1.44,0,2,PK Concentration,ng/mL,0,0,64.3,Female,400 mg,400
26,0.469,0.5,Hours,0,2.41,0,2,PK Concentration,ng/mL,0,0,64.3,Female,400 mg,400
26,0.976,1,Hours,0,18.2,0,2,PK Concentration,ng/mL,0,0,64.3,Female,400 mg,400
26,2.185,2,Hours,0,15.7,0,2,PK Concentration,ng/mL,0,0,64.3,Female,400 mg,400
26,4.208,4,Hours,0,6.92,0,2,PK Concentration,ng/mL,0,0,64.3,Female,400 mg,400
26,8.164,8,Hours,0,1.4,0,2,PK Concentration,ng/mL,0,0,64.3,Female,400 mg,400
26,12.013,12,Hours,0,2.41,0,2,PK Concentration,ng/mL,0,0,64.3,Female,400 mg,400
26,18.032,18,Hours,0,1.63,0,2,PK Concentration,ng/mL,0,0,64.3,Female,400 mg,400
26,24.05,23.9,Hours,0,0.634,0,2,PK Concentration,ng/mL,0,0,64.3,Female,400 mg,400
26,36.313,36,Hours,0,0.535,0,2,PK Concentration,ng/mL,0,0,64.3,Female,400 mg,400
26,48.165,47.9,Hours,0,0.233,0,2,PK Concentration,ng/mL,0,0,64.3,Female,400 mg,400
26,72.162,71.9,Hours,0,0.146,0,2,PK Concentration,ng/mL,0,0,64.3,Female,400 mg,400
27,-0.009,-0.1,Hours,0,NA,1,2,PK Concentration,ng/mL,0,0,53.7,Female,400 mg,400
27,0,0,Hours,400,NA,1,1,Dosing,mg,0,1,53.7,Female,400 mg,400
27,0.04,0.1,Hours,0,0.966,0,2,PK Concentration,ng/mL,0,0,53.7,Female,400 mg,400
27,0.41,0.5,Hours,0,7.07,0,2,PK Concentration,ng/mL,0,0,53.7,Female,400 mg,400
27,0.966,1,Hours,0,12.6,0,2,PK Concentration,ng/mL,0,0,53.7,Female,400 mg,400
27,2.119,2,Hours,0,10.2,0,2,PK Concentration,ng/mL,0,0,53.7,Female,400 mg,400
27,4.067,4,Hours,0,5.69,0,2,PK Concentration,ng/mL,0,0,53.7,Female,400 mg,400
27,8.084,8,Hours,0,1.99,0,2,PK Concentration,ng/mL,0,0,53.7,Female,400 mg,400
27,12.099,12,Hours,0,2.41,0,2,PK Concentration,ng/mL,0,0,53.7,Female,400 mg,400
27,17.919,18,Hours,0,0.968,0,2,PK Concentration,ng/mL,0,0,53.7,Female,400 mg,400
27,23.931,23.9,Hours,0,0.716,0,2,PK Concentration,ng/mL,0,0,53.7,Female,400 mg,400
27,36.096,36,Hours,0,0.624,0,2,PK Concentration,ng/mL,0,0,53.7,Female,400 mg,400
27,48.091,47.9,Hours,0,0.623,0,2,PK Concentration,ng/mL,0,0,53.7,Female,400 mg,400
27,72.08,71.9,Hours,0,0.206,0,2,PK Concentration,ng/mL,0,0,53.7,Female,400 mg,400
28,-0.071,-0.1,Hours,0,NA,1,2,PK Concentration,ng/mL,0,0,79.6,Female,400 mg,400
28,0,0,Hours,400,NA,1,1,Dosing,mg,0,1,79.6,Female,400 mg,400
28,0.097,0.1,Hours,0,0.682,0,2,PK Concentration,ng/mL,0,0,79.6,Female,400 mg,400
28,0.664,0.5,Hours,0,3.83,0,2,PK Concentration,ng/mL,0,0,79.6,Female,400 mg,400
28,1.124,1,Hours,0,3.65,0,2,PK Concentration,ng/mL,0,0,79.6,Female,400 mg,400
28,2.13,2,Hours,0,3.84,0,2,PK Concentration,ng/mL,0,0,79.6,Female,400 mg,400
28,4.115,4,Hours,0,5.24,0,2,PK Concentration,ng/mL,0,0,79.6,Female,400 mg,400
28,8.136,8,Hours,0,2.77,0,2,PK Concentration,ng/mL,0,0,79.6,Female,400 mg,400
28,12.103,12,Hours,0,0.728,0,2,PK Concentration,ng/mL,0,0,79.6,Female,400 mg,400
28,18.018,18,Hours,0,0.781,0,2,PK Concentration,ng/mL,0,0,79.6,Female,400 mg,400
28,23.825,23.9,Hours,0,0.531,0,2,PK Concentration,ng/mL,0,0,79.6,Female,400 mg,400
28,35.997,36,Hours,0,0.484,0,2,PK Concentration,ng/mL,0,0,79.6,Female,400 mg,400
28,47.924,47.9,Hours,0,0.331,0,2,PK Concentration,ng/mL,0,0,79.6,Female,400 mg,400
28,71.937,71.9,Hours,0,0.0509,0,2,PK Concentration,ng/mL,0,0,79.6,Female,400 mg,400
29,-0.026,-0.1,Hours,0,NA,1,2,PK Concentration,ng/mL,0,0,58.6,Female,400 mg,400
29,0,0,Hours,400,NA,1,1,Dosing,mg,0,1,58.6,Female,400 mg,400
29,0.106,0.1,Hours,0,1.49,0,2,PK Concentration,ng/mL,0,0,58.6,Female,400 mg,400
29,0.506,0.5,Hours,0,6.63,0,2,PK Concentration,ng/mL,0,0,58.6,Female,400 mg,400
29,1.106,1,Hours,0,7.58,0,2,PK Concentration,ng/mL,0,0,58.6,Female,400 mg,400
29,2.195,2,Hours,0,15.1,0,2,PK Concentration,ng/mL,0,0,58.6,Female,400 mg,400
29,4.188,4,Hours,0,6.86,0,2,PK Concentration,ng/mL,0,0,58.6,Female,400 mg,400
29,8.181,8,Hours,0,2.81,0,2,PK Concentration,ng/mL,0,0,58.6,Female,400 mg,400
29,12.188,12,Hours,0,1.8,0,2,PK Concentration,ng/mL,0,0,58.6,Female,400 mg,400
29,18.143,18,Hours,0,3.3,0,2,PK Concentration,ng/mL,0,0,58.6,Female,400 mg,400
29,23.948,23.9,Hours,0,1.24,0,2,PK Concentration,ng/mL,0,0,58.6,Female,400 mg,400
29,35.942,36,Hours,0,0.402,0,2,PK Concentration,ng/mL,0,0,58.6,Female,400 mg,400
29,47.782,47.9,Hours,0,0.317,0,2,PK Concentration,ng/mL,0,0,58.6,Female,400 mg,400
29,71.777,71.9,Hours,0,0.136,0,2,PK Concentration,ng/mL,0,0,58.6,Female,400 mg,400
30,-0.022,-0.1,Hours,0,NA,1,2,PK Concentration,ng/mL,0,0,88.3,Female,400 mg,400
30,0,0,Hours,400,NA,1,1,Dosing,mg,0,1,88.3,Female,400 mg,400
30,0.046,0.1,Hours,0,0.637,0,2,PK Concentration,ng/mL,0,0,88.3,Female,400 mg,400
30,0.329,0.5,Hours,0,2.17,0,2,PK Concentration,ng/mL,0,0,88.3,Female,400 mg,400
30,0.836,1,Hours,0,11.1,0,2,PK Concentration,ng/mL,0,0,88.3,Female,400 mg,400
30,1.791,2,Hours,0,5.11,0,2,PK Concentration,ng/mL,0,0,88.3,Female,400 mg,400
30,3.734,4,Hours,0,3.42,0,2,PK Concentration,ng/mL,0,0,88.3,Female,400 mg,400
30,7.581,8,Hours,0,1.34,0,2,PK Concentration,ng/mL,0,0,88.3,Female,400 mg,400
30,11.778,12,Hours,0,0.568,0,2,PK Concentration,ng/mL,0,0,88.3,Female,400 mg,400
30,17.754,18,Hours,0,0.977,0,2,PK Concentration,ng/mL,0,0,88.3,Female,400 mg,400
30,23.705,23.9,Hours,0,0.419,0,2,PK Concentration,ng/mL,0,0,88.3,Female,400 mg,400
30,35.786,36,Hours,0,0.486,0,2,PK Concentration,ng/mL,0,0,88.3,Female,400 mg,400
30,47.728,47.9,Hours,0,0.221,0,2,PK Concentration,ng/mL,0,0,88.3,Female,400 mg,400
30,71.728,71.9,Hours,0,0.168,0,2,PK Concentration,ng/mL,0,0,88.3,Female,400 mg,400
31,-0.111,-0.1,Hours,0,NA,1,2,PK Concentration,ng/mL,0,0,76.3,Male,800 mg,800
31,0,0,Hours,800,NA,1,1,Dosing,mg,0,1,76.3,Male,800 mg,800
31,0.099,0.1,Hours,0,0.887,0,2,PK Concentration,ng/mL,0,0,76.3,Male,800 mg,800
31,0.635,0.5,Hours,0,3.51,0,2,PK Concentration,ng/mL,0,0,76.3,Male,800 mg,800
31,1.057,1,Hours,0,6.63,0,2,PK Concentration,ng/mL,0,0,76.3,Male,800 mg,800
31,1.974,2,Hours,0,11.2,0,2,PK Concentration,ng/mL,0,0,76.3,Male,800 mg,800
31,4.012,4,Hours,0,3.78,0,2,PK Concentration,ng/mL,0,0,76.3,Male,800 mg,800
31,8.019,8,Hours,0,2.2,0,2,PK Concentration,ng/mL,0,0,76.3,Male,800 mg,800
31,12.083,12,Hours,0,1.96,0,2,PK Concentration,ng/mL,0,0,76.3,Male,800 mg,800
31,18.223,18,Hours,0,1.45,0,2,PK Concentration,ng/mL,0,0,76.3,Male,800 mg,800
31,24.046,23.9,Hours,0,0.756,0,2,PK Concentration,ng/mL,0,0,76.3,Male,800 mg,800
31,36.29,36,Hours,0,0.455,0,2,PK Concentration,ng/mL,0,0,76.3,Male,800 mg,800
31,48.18,47.9,Hours,0,0.288,0,2,PK Concentration,ng/mL,0,0,76.3,Male,800 mg,800
31,72.041,71.9,Hours,0,0.175,0,2,PK Concentration,ng/mL,0,0,76.3,Male,800 mg,800
32,-0.184,-0.1,Hours,0,NA,1,2,PK Concentration,ng/mL,0,0,70.7,Male,800 mg,800
32,0,0,Hours,800,NA,1,1,Dosing,mg,0,1,70.7,Male,800 mg,800
32,0.223,0.1,Hours,0,1.56,0,2,PK Concentration,ng/mL,0,0,70.7,Male,800 mg,800
32,0.719,0.5,Hours,0,7.97,0,2,PK Concentration,ng/mL,0,0,70.7,Male,800 mg,800
32,1.289,1,Hours,0,8.5,0,2,PK Concentration,ng/mL,0,0,70.7,Male,800 mg,800
32,2.275,2,Hours,0,10.7,0,2,PK Concentration,ng/mL,0,0,70.7,Male,800 mg,800
32,4.189,4,Hours,0,3.28,0,2,PK Concentration,ng/mL,0,0,70.7,Male,800 mg,800
32,8.116,8,Hours,0,3.32,0,2,PK Concentration,ng/mL,0,0,70.7,Male,800 mg,800
32,12.116,12,Hours,0,0.863,0,2,PK Concentration,ng/mL,0,0,70.7,Male,800 mg,800
32,18.294,18,Hours,0,0.78,0,2,PK Concentration,ng/mL,0,0,70.7,Male,800 mg,800
32,24.103,23.9,Hours,0,0.709,0,2,PK Concentration,ng/mL,0,0,70.7,Male,800 mg,800
32,36.214,36,Hours,0,0.526,0,2,PK Concentration,ng/mL,0,0,70.7,Male,800 mg,800
32,47.973,47.9,Hours,0,0.239,0,2,PK Concentration,ng/mL,0,0,70.7,Male,800 mg,800
32,71.694,71.9,Hours,0,0.0699,0,2,PK Concentration,ng/mL,0,0,70.7,Male,800 mg,800
33,-0.141,-0.1,Hours,0,NA,1,2,PK Concentration,ng/mL,0,0,70.9,Male,800 mg,800
33,0,0,Hours,800,NA,1,1,Dosing,mg,0,1,70.9,Male,800 mg,800
33,0.06,0.1,Hours,0,1.01,0,2,PK Concentration,ng/mL,0,0,70.9,Male,800 mg,800
33,0.356,0.5,Hours,0,3.48,0,2,PK Concentration,ng/mL,0,0,70.9,Male,800 mg,800
33,0.852,1,Hours,0,10.3,0,2,PK Concentration,ng/mL,0,0,70.9,Male,800 mg,800
33,1.78,2,Hours,0,7.11,0,2,PK Concentration,ng/mL,0,0,70.9,Male,800 mg,800
33,3.806,4,Hours,0,5.99,0,2,PK Concentration,ng/mL,0,0,70.9,Male,800 mg,800
33,7.785,8,Hours,0,1.61,0,2,PK Concentration,ng/mL,0,0,70.9,Male,800 mg,800
33,11.844,12,Hours,0,1.64,0,2,PK Concentration,ng/mL,0,0,70.9,Male,800 mg,800
33,17.882,18,Hours,0,0.402,0,2,PK Concentration,ng/mL,0,0,70.9,Male,800 mg,800
33,23.888,23.9,Hours,0,1.08,0,2,PK Concentration,ng/mL,0,0,70.9,Male,800 mg,800
33,36.035,36,Hours,0,0.7,0,2,PK Concentration,ng/mL,0,0,70.9,Male,800 mg,800
33,47.882,47.9,Hours,0,0.229,0,2,PK Concentration,ng/mL,0,0,70.9,Male,800 mg,800
33,71.962,71.9,Hours,0,0.175,0,2,PK Concentration,ng/mL,0,0,70.9,Male,800 mg,800
34,-0.043,-0.1,Hours,0,NA,1,2,PK Concentration,ng/mL,0,0,65.5,Male,800 mg,800
34,0,0,Hours,800,NA,1,1,Dosing,mg,0,1,65.5,Male,800 mg,800
34,0.215,0.1,Hours,0,3.09,0,2,PK Concentration,ng/mL,0,0,65.5,Male,800 mg,800
34,0.652,0.5,Hours,0,13.7,0,2,PK Concentration,ng/mL,0,0,65.5,Male,800 mg,800
34,1.042,1,Hours,0,5.75,0,2,PK Concentration,ng/mL,0,0,65.5,Male,800 mg,800
34,1.948,2,Hours,0,7.72,0,2,PK Concentration,ng/mL,0,0,65.5,Male,800 mg,800
34,3.877,4,Hours,0,4.97,0,2,PK Concentration,ng/mL,0,0,65.5,Male,800 mg,800
34,7.87,8,Hours,0,5.24,0,2,PK Concentration,ng/mL,0,0,65.5,Male,800 mg,800
34,11.901,12,Hours,0,1.62,0,2,PK Concentration,ng/mL,0,0,65.5,Male,800 mg,800
34,17.903,18,Hours,0,1.07,0,2,PK Concentration,ng/mL,0,0,65.5,Male,800 mg,800
34,23.706,23.9,Hours,0,0.743,0,2,PK Concentration,ng/mL,0,0,65.5,Male,800 mg,800
34,35.743,36,Hours,0,0.247,0,2,PK Concentration,ng/mL,0,0,65.5,Male,800 mg,800
34,47.463,47.9,Hours,0,0.452,0,2,PK Concentration,ng/mL,0,0,65.5,Male,800 mg,800
34,71.484,71.9,Hours,0,0.168,0,2,PK Concentration,ng/mL,0,0,65.5,Male,800 mg,800
35,-0.124,-0.1,Hours,0,NA,1,2,PK Concentration,ng/mL,0,0,102,Male,800 mg,800
35,0,0,Hours,800,NA,1,1,Dosing,mg,0,1,102,Male,800 mg,800
35,0.083,0.1,Hours,0,0.989,0,2,PK Concentration,ng/mL,0,0,102,Male,800 mg,800
35,0.574,0.5,Hours,0,4.79,0,2,PK Concentration,ng/mL,0,0,102,Male,800 mg,800
35,1.094,1,Hours,0,6.32,0,2,PK Concentration,ng/mL,0,0,102,Male,800 mg,800
35,2.096,2,Hours,0,9.43,0,2,PK Concentration,ng/mL,0,0,102,Male,800 mg,800
35,4.005,4,Hours,0,2.67,0,2,PK Concentration,ng/mL,0,0,102,Male,800 mg,800
35,7.969,8,Hours,0,1.85,0,2,PK Concentration,ng/mL,0,0,102,Male,800 mg,800
35,12.001,12,Hours,0,0.889,0,2,PK Concentration,ng/mL,0,0,102,Male,800 mg,800
35,17.988,18,Hours,0,0.355,0,2,PK Concentration,ng/mL,0,0,102,Male,800 mg,800
35,24.036,23.9,Hours,0,0.593,0,2,PK Concentration,ng/mL,0,0,102,Male,800 mg,800
35,35.975,36,Hours,0,0.257,0,2,PK Concentration,ng/mL,0,0,102,Male,800 mg,800
35,47.886,47.9,Hours,0,0.254,0,2,PK Concentration,ng/mL,0,0,102,Male,800 mg,800
35,71.69,71.9,Hours,0,0.141,0,2,PK Concentration,ng/mL,0,0,102,Male,800 mg,800
36,-0.18,-0.1,Hours,0,NA,1,2,PK Concentration,ng/mL,0,0,84.3,Female,800 mg,800
36,0,0,Hours,800,NA,1,1,Dosing,mg,0,1,84.3,Female,800 mg,800
36,0.066,0.1,Hours,0,0.625,0,2,PK Concentration,ng/mL,0,0,84.3,Female,800 mg,800
36,0.516,0.5,Hours,0,3.18,0,2,PK Concentration,ng/mL,0,0,84.3,Female,800 mg,800
36,0.78,1,Hours,0,7.93,0,2,PK Concentration,ng/mL,0,0,84.3,Female,800 mg,800
36,1.556,2,Hours,0,13.5,0,2,PK Concentration,ng/mL,0,0,84.3,Female,800 mg,800
36,3.556,4,Hours,0,7.55,0,2,PK Concentration,ng/mL,0,0,84.3,Female,800 mg,800
36,7.455,8,Hours,0,4.61,0,2,PK Concentration,ng/mL,0,0,84.3,Female,800 mg,800
36,11.404,12,Hours,0,3.57,0,2,PK Concentration,ng/mL,0,0,84.3,Female,800 mg,800
36,17.298,18,Hours,0,1.63,0,2,PK Concentration,ng/mL,0,0,84.3,Female,800 mg,800
36,23.162,23.9,Hours,0,1.29,0,2,PK Concentration,ng/mL,0,0,84.3,Female,800 mg,800
36,35.107,36,Hours,0,0.621,0,2,PK Concentration,ng/mL,0,0,84.3,Female,800 mg,800
36,46.85,47.9,Hours,0,0.242,0,2,PK Concentration,ng/mL,0,0,84.3,Female,800 mg,800
36,70.946,71.9,Hours,0,0.24,0,2,PK Concentration,ng/mL,0,0,84.3,Female,800 mg,800
37,-0.077,-0.1,Hours,0,NA,1,2,PK Concentration,ng/mL,0,0,57.3,Female,800 mg,800
37,0,0,Hours,800,NA,1,1,Dosing,mg,0,1,57.3,Female,800 mg,800
37,0.135,0.1,Hours,0,5.84,0,2,PK Concentration,ng/mL,0,0,57.3,Female,800 mg,800
37,0.473,0.5,Hours,0,12.7,0,2,PK Concentration,ng/mL,0,0,57.3,Female,800 mg,800
37,1.015,1,Hours,0,14.8,0,2,PK Concentration,ng/mL,0,0,57.3,Female,800 mg,800
37,2.044,2,Hours,0,22.8,0,2,PK Concentration,ng/mL,0,0,57.3,Female,800 mg,800
37,3.991,4,Hours,0,12.2,0,2,PK Concentration,ng/mL,0,0,57.3,Female,800 mg,800
37,8.05,8,Hours,0,5.76,0,2,PK Concentration,ng/mL,0,0,57.3,Female,800 mg,800
37,12.047,12,Hours,0,1.45,0,2,PK Concentration,ng/mL,0,0,57.3,Female,800 mg,800
37,17.932,18,Hours,0,3.34,0,2,PK Concentration,ng/mL,0,0,57.3,Female,800 mg,800
37,23.847,23.9,Hours,0,1.95,0,2,PK Concentration,ng/mL,0,0,57.3,Female,800 mg,800
37,36.03,36,Hours,0,0.766,0,2,PK Concentration,ng/mL,0,0,57.3,Female,800 mg,800
37,47.812,47.9,Hours,0,0.782,0,2,PK Concentration,ng/mL,0,0,57.3,Female,800 mg,800
37,71.84,71.9,Hours,0,0.392,0,2,PK Concentration,ng/mL,0,0,57.3,Female,800 mg,800
38,-0.004,-0.1,Hours,0,NA,1,2,PK Concentration,ng/mL,0,0,74.7,Female,800 mg,800
38,0,0,Hours,800,NA,1,1,Dosing,mg,0,1,74.7,Female,800 mg,800
38,0.048,0.1,Hours,0,1.91,0,2,PK Concentration,ng/mL,0,0,74.7,Female,800 mg,800
38,0.429,0.5,Hours,0,11.7,0,2,PK Concentration,ng/mL,0,0,74.7,Female,800 mg,800
38,1.065,1,Hours,0,25.3,0,2,PK Concentration,ng/mL,0,0,74.7,Female,800 mg,800
38,2.101,2,Hours,0,10.1,0,2,PK Concentration,ng/mL,0,0,74.7,Female,800 mg,800
38,4.079,4,Hours,0,10.1,0,2,PK Concentration,ng/mL,0,0,74.7,Female,800 mg,800
38,8.041,8,Hours,0,6.94,0,2,PK Concentration,ng/mL,0,0,74.7,Female,800 mg,800
38,12.185,12,Hours,0,3.48,0,2,PK Concentration,ng/mL,0,0,74.7,Female,800 mg,800
38,18.247,18,Hours,0,2.06,0,2,PK Concentration,ng/mL,0,0,74.7,Female,800 mg,800
38,24.101,23.9,Hours,0,0.943,0,2,PK Concentration,ng/mL,0,0,74.7,Female,800 mg,800
38,36.208,36,Hours,0,1.02,0,2,PK Concentration,ng/mL,0,0,74.7,Female,800 mg,800
38,48.282,47.9,Hours,0,0.793,0,2,PK Concentration,ng/mL,0,0,74.7,Female,800 mg,800
38,72.417,71.9,Hours,0,0.413,0,2,PK Concentration,ng/mL,0,0,74.7,Female,800 mg,800
39,-0.303,-0.1,Hours,0,NA,1,2,PK Concentration,ng/mL,0,0,80.2,Female,800 mg,800
39,0,0,Hours,800,NA,1,1,Dosing,mg,0,1,80.2,Female,800 mg,800
39,0.093,0.1,Hours,0,2.24,0,2,PK Concentration,ng/mL,0,0,80.2,Female,800 mg,800
39,0.502,0.5,Hours,0,14.6,0,2,PK Concentration,ng/mL,0,0,80.2,Female,800 mg,800
39,1.016,1,Hours,0,9.39,0,2,PK Concentration,ng/mL,0,0,80.2,Female,800 mg,800
39,2.025,2,Hours,0,9.47,0,2,PK Concentration,ng/mL,0,0,80.2,Female,800 mg,800
39,4.132,4,Hours,0,10.8,0,2,PK Concentration,ng/mL,0,0,80.2,Female,800 mg,800
39,7.934,8,Hours,0,3.29,0,2,PK Concentration,ng/mL,0,0,80.2,Female,800 mg,800
39,11.947,12,Hours,0,2.83,0,2,PK Concentration,ng/mL,0,0,80.2,Female,800 mg,800
39,17.875,18,Hours,0,2.08,0,2,PK Concentration,ng/mL,0,0,80.2,Female,800 mg,800
39,23.698,23.9,Hours,0,1.71,0,2,PK Concentration,ng/mL,0,0,80.2,Female,800 mg,800
39,35.594,36,Hours,0,1.58,0,2,PK Concentration,ng/mL,0,0,80.2,Female,800 mg,800
39,47.385,47.9,Hours,0,0.811,0,2,PK Concentration,ng/mL,0,0,80.2,Female,800 mg,800
39,71.277,71.9,Hours,0,0.244,0,2,PK Concentration,ng/mL,0,0,80.2,Female,800 mg,800
40,-0.012,-0.1,Hours,0,NA,1,2,PK Concentration,ng/mL,0,0,77.3,Female,800 mg,800
40,0,0,Hours,800,NA,1,1,Dosing,mg,0,1,77.3,Female,800 mg,800
40,0.196,0.1,Hours,0,2.13,0,2,PK Concentration,ng/mL,0,0,77.3,Female,800 mg,800
40,0.486,0.5,Hours,0,5.09,0,2,PK Concentration,ng/mL,0,0,77.3,Female,800 mg,800
40,1.002,1,Hours,0,20,0,2,PK Concentration,ng/mL,0,0,77.3,Female,800 mg,800
40,2.163,2,Hours,0,10.8,0,2,PK Concentration,ng/mL,0,0,77.3,Female,800 mg,800
40,4.095,4,Hours,0,11.9,0,2,PK Concentration,ng/mL,0,0,77.3,Female,800 mg,800
40,7.903,8,Hours,0,5.85,0,2,PK Concentration,ng/mL,0,0,77.3,Female,800 mg,800
40,12.01,12,Hours,0,1.77,0,2,PK Concentration,ng/mL,0,0,77.3,Female,800 mg,800
40,18.098,18,Hours,0,0.911,0,2,PK Concentration,ng/mL,0,0,77.3,Female,800 mg,800
40,23.908,23.9,Hours,0,1.61,0,2,PK Concentration,ng/mL,0,0,77.3,Female,800 mg,800
40,35.887,36,Hours,0,1.1,0,2,PK Concentration,ng/mL,0,0,77.3,Female,800 mg,800
40,47.896,47.9,Hours,0,0.478,0,2,PK Concentration,ng/mL,0,0,77.3,Female,800 mg,800
40,72.004,71.9,Hours,0,0.269,0,2,PK Concentration,ng/mL,0,0,77.3,Female,800 mg,800
41,-0.078,-0.1,Hours,0,NA,1,2,PK Concentration,ng/mL,0,0,74.4,Male,1600 mg,1600
41,0,0,Hours,1600,NA,1,1,Dosing,mg,0,1,74.4,Male,1600 mg,1600
41,0.049,0.1,Hours,0,1.52,0,2,PK Concentration,ng/mL,0,0,74.4,Male,1600 mg,1600
41,0.497,0.5,Hours,0,10.8,0,2,PK Concentration,ng/mL,0,0,74.4,Male,1600 mg,1600
41,0.923,1,Hours,0,14.3,0,2,PK Concentration,ng/mL,0,0,74.4,Male,1600 mg,1600
41,1.708,2,Hours,0,15.6,0,2,PK Concentration,ng/mL,0,0,74.4,Male,1600 mg,1600
41,3.647,4,Hours,0,19.4,0,2,PK Concentration,ng/mL,0,0,74.4,Male,1600 mg,1600
41,7.716,8,Hours,0,3.65,0,2,PK Concentration,ng/mL,0,0,74.4,Male,1600 mg,1600
41,11.646,12,Hours,0,3.01,0,2,PK Concentration,ng/mL,0,0,74.4,Male,1600 mg,1600
41,17.619,18,Hours,0,3.06,0,2,PK Concentration,ng/mL,0,0,74.4,Male,1600 mg,1600
41,23.368,23.9,Hours,0,2.74,0,2,PK Concentration,ng/mL,0,0,74.4,Male,1600 mg,1600
41,35.593,36,Hours,0,1.11,0,2,PK Concentration,ng/mL,0,0,74.4,Male,1600 mg,1600
41,47.62,47.9,Hours,0,0.726,0,2,PK Concentration,ng/mL,0,0,74.4,Male,1600 mg,1600
41,71.834,71.9,Hours,0,0.333,0,2,PK Concentration,ng/mL,0,0,74.4,Male,1600 mg,1600
42,-0.102,-0.1,Hours,0,NA,1,2,PK Concentration,ng/mL,0,0,77.4,Male,1600 mg,1600
42,0,0,Hours,1600,NA,1,1,Dosing,mg,0,1,77.4,Male,1600 mg,1600
42,0.069,0.1,Hours,0,1.85,0,2,PK Concentration,ng/mL,0,0,77.4,Male,1600 mg,1600
42,0.466,0.5,Hours,0,9.3,0,2,PK Concentration,ng/mL,0,0,77.4,Male,1600 mg,1600
42,0.866,1,Hours,0,10.3,0,2,PK Concentration,ng/mL,0,0,77.4,Male,1600 mg,1600
42,1.746,2,Hours,0,10.6,0,2,PK Concentration,ng/mL,0,0,77.4,Male,1600 mg,1600
42,3.673,4,Hours,0,8.05,0,2,PK Concentration,ng/mL,0,0,77.4,Male,1600 mg,1600
42,7.728,8,Hours,0,10.3,0,2,PK Concentration,ng/mL,0,0,77.4,Male,1600 mg,1600
42,11.665,12,Hours,0,5.07,0,2,PK Concentration,ng/mL,0,0,77.4,Male,1600 mg,1600
42,17.836,18,Hours,0,3.08,0,2,PK Concentration,ng/mL,0,0,77.4,Male,1600 mg,1600
42,23.81,23.9,Hours,0,1.67,0,2,PK Concentration,ng/mL,0,0,77.4,Male,1600 mg,1600
42,35.875,36,Hours,0,0.554,0,2,PK Concentration,ng/mL,0,0,77.4,Male,1600 mg,1600
42,47.897,47.9,Hours,0,0.299,0,2,PK Concentration,ng/mL,0,0,77.4,Male,1600 mg,1600
42,71.867,71.9,Hours,0,0.281,0,2,PK Concentration,ng/mL,0,0,77.4,Male,1600 mg,1600
43,-0.112,-0.1,Hours,0,NA,1,2,PK Concentration,ng/mL,0,0,94.3,Male,1600 mg,1600
43,0,0,Hours,1600,NA,1,1,Dosing,mg,0,1,94.3,Male,1600 mg,1600
43,0.105,0.1,Hours,0,2.82,0,2,PK Concentration,ng/mL,0,0,94.3,Male,1600 mg,1600
43,0.451,0.5,Hours,0,6.93,0,2,PK Concentration,ng/mL,0,0,94.3,Male,1600 mg,1600
43,0.815,1,Hours,0,27.5,0,2,PK Concentration,ng/mL,0,0,94.3,Male,1600 mg,1600
43,1.929,2,Hours,0,10.2,0,2,PK Concentration,ng/mL,0,0,94.3,Male,1600 mg,1600
43,4.032,4,Hours,0,7.9,0,2,PK Concentration,ng/mL,0,0,94.3,Male,1600 mg,1600
43,7.97,8,Hours,0,4.81,0,2,PK Concentration,ng/mL,0,0,94.3,Male,1600 mg,1600
43,11.894,12,Hours,0,1.57,0,2,PK Concentration,ng/mL,0,0,94.3,Male,1600 mg,1600
43,18.04,18,Hours,0,1.07,0,2,PK Concentration,ng/mL,0,0,94.3,Male,1600 mg,1600
43,23.796,23.9,Hours,0,2.41,0,2,PK Concentration,ng/mL,0,0,94.3,Male,1600 mg,1600
43,35.773,36,Hours,0,0.778,0,2,PK Concentration,ng/mL,0,0,94.3,Male,1600 mg,1600
43,47.746,47.9,Hours,0,0.68,0,2,PK Concentration,ng/mL,0,0,94.3,Male,1600 mg,1600
43,71.746,71.9,Hours,0,0.465,0,2,PK Concentration,ng/mL,0,0,94.3,Male,1600 mg,1600
44,-0.253,-0.1,Hours,0,NA,1,2,PK Concentration,ng/mL,0,0,82.9,Male,1600 mg,1600
44,0,0,Hours,1600,NA,1,1,Dosing,mg,0,1,82.9,Male,1600 mg,1600
44,0.069,0.1,Hours,0,0.835,0,2,PK Concentration,ng/mL,0,0,82.9,Male,1600 mg,1600
44,0.391,0.5,Hours,0,5.16,0,2,PK Concentration,ng/mL,0,0,82.9,Male,1600 mg,1600
44,1.002,1,Hours,0,9.97,0,2,PK Concentration,ng/mL,0,0,82.9,Male,1600 mg,1600
44,2.15,2,Hours,0,18.5,0,2,PK Concentration,ng/mL,0,0,82.9,Male,1600 mg,1600
44,4.217,4,Hours,0,10.7,0,2,PK Concentration,ng/mL,0,0,82.9,Male,1600 mg,1600
44,8.367,8,Hours,0,4.98,0,2,PK Concentration,ng/mL,0,0,82.9,Male,1600 mg,1600
44,12.606,12,Hours,0,2.84,0,2,PK Concentration,ng/mL,0,0,82.9,Male,1600 mg,1600
44,18.684,18,Hours,0,0.952,0,2,PK Concentration,ng/mL,0,0,82.9,Male,1600 mg,1600
44,24.512,23.9,Hours,0,1.41,0,2,PK Concentration,ng/mL,0,0,82.9,Male,1600 mg,1600
44,36.665,36,Hours,0,0.75,0,2,PK Concentration,ng/mL,0,0,82.9,Male,1600 mg,1600
44,48.652,47.9,Hours,0,0.569,0,2,PK Concentration,ng/mL,0,0,82.9,Male,1600 mg,1600
44,72.748,71.9,Hours,0,0.234,0,2,PK Concentration,ng/mL,0,0,82.9,Male,1600 mg,1600
45,-0.238,-0.1,Hours,0,NA,1,2,PK Concentration,ng/mL,0,0,80.1,Male,1600 mg,1600
45,0,0,Hours,1600,NA,1,1,Dosing,mg,0,1,80.1,Male,1600 mg,1600
45,0.099,0.1,Hours,0,3.86,0,2,PK Concentration,ng/mL,0,0,80.1,Male,1600 mg,1600
45,0.513,0.5,Hours,0,12.9,0,2,PK Concentration,ng/mL,0,0,80.1,Male,1600 mg,1600
45,0.838,1,Hours,0,9.08,0,2,PK Concentration,ng/mL,0,0,80.1,Male,1600 mg,1600
45,1.914,2,Hours,0,11.5,0,2,PK Concentration,ng/mL,0,0,80.1,Male,1600 mg,1600
45,3.815,4,Hours,0,11,0,2,PK Concentration,ng/mL,0,0,80.1,Male,1600 mg,1600
45,7.953,8,Hours,0,4.43,0,2,PK Concentration,ng/mL,0,0,80.1,Male,1600 mg,1600
45,12.163,12,Hours,0,2.08,0,2,PK Concentration,ng/mL,0,0,80.1,Male,1600 mg,1600
45,18.012,18,Hours,0,1.54,0,2,PK Concentration,ng/mL,0,0,80.1,Male,1600 mg,1600
45,23.906,23.9,Hours,0,0.954,0,2,PK Concentration,ng/mL,0,0,80.1,Male,1600 mg,1600
45,35.924,36,Hours,0,0.83,0,2,PK Concentration,ng/mL,0,0,80.1,Male,1600 mg,1600
45,47.795,47.9,Hours,0,0.45,0,2,PK Concentration,ng/mL,0,0,80.1,Male,1600 mg,1600
45,71.843,71.9,Hours,0,0.224,0,2,PK Concentration,ng/mL,0,0,80.1,Male,1600 mg,1600
46,-0.167,-0.1,Hours,0,NA,1,2,PK Concentration,ng/mL,0,0,88.3,Female,1600 mg,1600
46,0,0,Hours,1600,NA,1,1,Dosing,mg,0,1,88.3,Female,1600 mg,1600
46,0.181,0.1,Hours,0,10.2,0,2,PK Concentration,ng/mL,0,0,88.3,Female,1600 mg,1600
46,0.667,0.5,Hours,0,14.9,0,2,PK Concentration,ng/mL,0,0,88.3,Female,1600 mg,1600
46,1.185,1,Hours,0,25,0,2,PK Concentration,ng/mL,0,0,88.3,Female,1600 mg,1600
46,2.063,2,Hours,0,31.9,0,2,PK Concentration,ng/mL,0,0,88.3,Female,1600 mg,1600
46,4.043,4,Hours,0,29.4,0,2,PK Concentration,ng/mL,0,0,88.3,Female,1600 mg,1600
46,7.95,8,Hours,0,6.26,0,2,PK Concentration,ng/mL,0,0,88.3,Female,1600 mg,1600
46,12.057,12,Hours,0,4.61,0,2,PK Concentration,ng/mL,0,0,88.3,Female,1600 mg,1600
46,18.1,18,Hours,0,3.64,0,2,PK Concentration,ng/mL,0,0,88.3,Female,1600 mg,1600
46,23.997,23.9,Hours,0,3.04,0,2,PK Concentration,ng/mL,0,0,88.3,Female,1600 mg,1600
46,35.969,36,Hours,0,1.8,0,2,PK Concentration,ng/mL,0,0,88.3,Female,1600 mg,1600
46,47.825,47.9,Hours,0,0.946,0,2,PK Concentration,ng/mL,0,0,88.3,Female,1600 mg,1600
46,71.88,71.9,Hours,0,0.278,0,2,PK Concentration,ng/mL,0,0,88.3,Female,1600 mg,1600
47,-0.052,-0.1,Hours,0,NA,1,2,PK Concentration,ng/mL,0,0,91.5,Female,1600 mg,1600
47,0,0,Hours,1600,NA,1,1,Dosing,mg,0,1,91.5,Female,1600 mg,1600
47,0.019,0.1,Hours,0,0.773,0,2,PK Concentration,ng/mL,0,0,91.5,Female,1600 mg,1600
47,0.604,0.5,Hours,0,11.3,0,2,PK Concentration,ng/mL,0,0,91.5,Female,1600 mg,1600
47,1.005,1,Hours,0,26.4,0,2,PK Concentration,ng/mL,0,0,91.5,Female,1600 mg,1600
47,1.932,2,Hours,0,22.6,0,2,PK Concentration,ng/mL,0,0,91.5,Female,1600 mg,1600
47,3.851,4,Hours,0,10.9,0,2,PK Concentration,ng/mL,0,0,91.5,Female,1600 mg,1600
47,7.843,8,Hours,0,10.2,0,2,PK Concentration,ng/mL,0,0,91.5,Female,1600 mg,1600
47,11.799,12,Hours,0,2.65,0,2,PK Concentration,ng/mL,0,0,91.5,Female,1600 mg,1600
47,17.91,18,Hours,0,2.75,0,2,PK Concentration,ng/mL,0,0,91.5,Female,1600 mg,1600
47,24.002,23.9,Hours,0,2.84,0,2,PK Concentration,ng/mL,0,0,91.5,Female,1600 mg,1600
47,36.109,36,Hours,0,1.2,0,2,PK Concentration,ng/mL,0,0,91.5,Female,1600 mg,1600
47,47.997,47.9,Hours,0,1.25,0,2,PK Concentration,ng/mL,0,0,91.5,Female,1600 mg,1600
47,71.777,71.9,Hours,0,1.02,0,2,PK Concentration,ng/mL,0,0,91.5,Female,1600 mg,1600
48,-0.13,-0.1,Hours,0,NA,1,2,PK Concentration,ng/mL,0,0,99.1,Female,1600 mg,1600
48,0,0,Hours,1600,NA,1,1,Dosing,mg,0,1,99.1,Female,1600 mg,1600
48,0.1,0.1,Hours,0,2.2,0,2,PK Concentration,ng/mL,0,0,99.1,Female,1600 mg,1600
48,0.398,0.5,Hours,0,12.2,0,2,PK Concentration,ng/mL,0,0,99.1,Female,1600 mg,1600
48,0.846,1,Hours,0,23.6,0,2,PK Concentration,ng/mL,0,0,99.1,Female,1600 mg,1600
48,2.055,2,Hours,0,21.8,0,2,PK Concentration,ng/mL,0,0,99.1,Female,1600 mg,1600
48,3.96,4,Hours,0,14.5,0,2,PK Concentration,ng/mL,0,0,99.1,Female,1600 mg,1600
48,7.978,8,Hours,0,7.57,0,2,PK Concentration,ng/mL,0,0,99.1,Female,1600 mg,1600
48,11.942,12,Hours,0,4.05,0,2,PK Concentration,ng/mL,0,0,99.1,Female,1600 mg,1600
48,17.857,18,Hours,0,4.6,0,2,PK Concentration,ng/mL,0,0,99.1,Female,1600 mg,1600
48,23.814,23.9,Hours,0,4.78,0,2,PK Concentration,ng/mL,0,0,99.1,Female,1600 mg,1600
48,35.985,36,Hours,0,1.23,0,2,PK Concentration,ng/mL,0,0,99.1,Female,1600 mg,1600
48,47.866,47.9,Hours,0,0.589,0,2,PK Concentration,ng/mL,0,0,99.1,Female,1600 mg,1600
48,72.027,71.9,Hours,0,0.41,0,2,PK Concentration,ng/mL,0,0,99.1,Female,1600 mg,1600
49,-0.004,-0.1,Hours,0,NA,1,2,PK Concentration,ng/mL,0,0,61.1,Female,1600 mg,1600
49,0,0,Hours,1600,NA,1,1,Dosing,mg,0,1,61.1,Female,1600 mg,1600
49,0.156,0.1,Hours,0,7.97,0,2,PK Concentration,ng/mL,0,0,61.1,Female,1600 mg,1600
49,0.372,0.5,Hours,0,10.8,0,2,PK Concentration,ng/mL,0,0,61.1,Female,1600 mg,1600
49,0.715,1,Hours,0,20.4,0,2,PK Concentration,ng/mL,0,0,61.1,Female,1600 mg,1600
49,1.612,2,Hours,0,49.8,0,2,PK Concentration,ng/mL,0,0,61.1,Female,1600 mg,1600
49,3.467,4,Hours,0,19.4,0,2,PK Concentration,ng/mL,0,0,61.1,Female,1600 mg,1600
49,7.455,8,Hours,0,10.7,0,2,PK Concentration,ng/mL,0,0,61.1,Female,1600 mg,1600
49,11.554,12,Hours,0,7.13,0,2,PK Concentration,ng/mL,0,0,61.1,Female,1600 mg,1600
49,17.767,18,Hours,0,3.33,0,2,PK Concentration,ng/mL,0,0,61.1,Female,1600 mg,1600
49,23.655,23.9,Hours,0,6.11,0,2,PK Concentration,ng/mL,0,0,61.1,Female,1600 mg,1600
49,35.716,36,Hours,0,3.49,0,2,PK Concentration,ng/mL,0,0,61.1,Female,1600 mg,1600
49,47.494,47.9,Hours,0,1.93,0,2,PK Concentration,ng/mL,0,0,61.1,Female,1600 mg,1600
49,71.517,71.9,Hours,0,0.64,0,2,PK Concentration,ng/mL,0,0,61.1,Female,1600 mg,1600
50,-0.155,-0.1,Hours,0,NA,1,2,PK Concentration,ng/mL,0,0,83,Female,1600 mg,1600
50,0,0,Hours,1600,NA,1,1,Dosing,mg,0,1,83,Female,1600 mg,1600
50,0.022,0.1,Hours,0,1.47,0,2,PK Concentration,ng/mL,0,0,83,Female,1600 mg,1600
50,0.28,0.5,Hours,0,5.04,0,2,PK Concentration,ng/mL,0,0,83,Female,1600 mg,1600
50,0.796,1,Hours,0,13.8,0,2,PK Concentration,ng/mL,0,0,83,Female,1600 mg,1600
50,1.97,2,Hours,0,29.8,0,2,PK Concentration,ng/mL,0,0,83,Female,1600 mg,1600
50,4.001,4,Hours,0,16.7,0,2,PK Concentration,ng/mL,0,0,83,Female,1600 mg,1600
50,7.943,8,Hours,0,3.53,0,2,PK Concentration,ng/mL,0,0,83,Female,1600 mg,1600
50,11.92,12,Hours,0,2.87,0,2,PK Concentration,ng/mL,0,0,83,Female,1600 mg,1600
50,17.923,18,Hours,0,3.03,0,2,PK Concentration,ng/mL,0,0,83,Female,1600 mg,1600
50,23.826,23.9,Hours,0,2.72,0,2,PK Concentration,ng/mL,0,0,83,Female,1600 mg,1600
50,35.731,36,Hours,0,2.08,0,2,PK Concentration,ng/mL,0,0,83,Female,1600 mg,1600
50,47.669,47.9,Hours,0,1.15,0,2,PK Concentration,ng/mL,0,0,83,Female,1600 mg,1600
50,71.704,71.9,Hours,0,0.508,0,2,PK Concentration,ng/mL,0,0,83,Female,1600 mg,1600
